{
    "GameOverText": {
        "position": [
            11.600000381469727,
            3.0,
            29.700000762939453
        ],
        "rotate": [
            -1.5700000524520874,
            0.0,
            0.0
        ],
        "scale": [
            9.899999618530273,
            2.5,
            1.0
        ]
    }
}
