{
    "Times": {
        "enterSceneMaxTime_": 0.699999988079071,
        "outSceneMaxTime_": 0.8999999761581421
    }
}
