{
    "Buddha": {
        "downedPos_": [
            20.0,
            -29.799999237060547,
            70.5999984741211
        ],
        "rotate": [
            0.0,
            3.200000047683716,
            0.0
        ],
        "scale": [
            5.0,
            5.0,
            5.0
        ],
        "startPos": [
            20.0,
            91.80000305175781,
            70.5999984741211
        ]
    }
}
