{
    "ClearText": {
        "position": [
            6.800000190734863,
            1.100000023841858,
            34.0
        ],
        "rotate": [
            -1.5700000524520874,
            0.0,
            0.0
        ],
        "scale": [
            6.0,
            3.5999999046325684,
            1.0
        ]
    }
}
