{
    "clearTextPlane_": {
        "rotate": [
            -1.5707963705062866,
            3.1415927410125732,
            0.0
        ],
        "scale": [
            0.5,
            0.5,
            1.0
        ],
        "translate": [
            20.0,
            0.800000011920929,
            20.0
        ]
    }
}
