{
    "Times": {
        "enterSceneMaxTime_": 0.800000011920929,
        "outSceneMaxTime_": 1.2000000476837158
    }
}
