{
    "MapChip": {
        "changedBlockColorByWaved_": [
            1.0,
            0.27000001072883606,
            0.0,
            1.0
        ],
        "changedBlockColorByWaving_": [
            1.0,
            0.0,
            0.0,
            1.0
        ],
        "changedColorByEnergy_0": [
            0.0,
            0.0,
            0.5450000166893005,
            1.0
        ],
        "changedColorByEnergy_1": [
            0.2540000081062317,
            0.41100001335144043,
            0.8820000290870667,
            1.0
        ],
        "changedColorByEnergy_2": [
            0.11699999868869781,
            0.5640000104904175,
            1.0,
            1.0
        ],
        "changedColorByEnergy_3": [
            0.5960000157356262,
            0.984000027179718,
            0.5960000157356262,
            1.0
        ],
        "changedColorByEnergy_4": [
            0.4860000014305115,
            0.9879999756813049,
            0.0,
            1.0
        ],
        "changedColorByEnergy_5": [
            1.0,
            1.0,
            0.0,
            1.0
        ],
        "changedColorByEnergy_6": [
            1.0,
            0.8429999947547913,
            0.0,
            1.0
        ],
        "changedColorByEnergy_7": [
            1.0,
            0.6470000147819519,
            0.0,
            1.0
        ],
        "changedColorByEnergy_8": [
            0.7799999713897705,
            0.0820000022649765,
            0.5210000276565552,
            1.0
        ],
        "changedColorByEnergy_9": [
            1.0,
            0.41100001335144043,
            0.7049999833106995,
            1.0
        ],
        "defaultBlockColor_": [
            1.0,
            1.0,
            1.0,
            1.0
        ]
    }
}
