{
    "Text": {
        "Rotate": [
            0.20000000298023224,
            0.0,
            0.0
        ],
        "Scale": [
            6.0,
            6.0,
            6.0
        ],
        "Translate": [
            20.0,
            11.699999809265137,
            21.100000381469727
        ]
    }
}
