{
    "Text": {
        "Rotate": [
            -0.20000000298023224,
            3.1414999961853027,
            0.0
        ],
        "Scale": [
            4.0,
            4.0,
            2.0
        ],
        "Translate": [
            20.0,
            11.699999809265137,
            26.5
        ]
    }
}
