{
    "Times": {
        "enterSceneMaxTime_": 1.3799999952316284,
        "outSceneMaxTime_": 0.6299999952316284
    }
}
