{
    "TutorialNonSkipPlane": {
        "rotate": [
            -1.5707963705062866,
            3.1415927410125732,
            0.0
        ],
        "scale": [
            0.800000011920929,
            0.800000011920929,
            0.800000011920929
        ],
        "translate": [
            20.299999237060547,
            1.2000000476837158,
            8.600000381469727
        ]
    }
}
