{
    "TutorialSkipPlane": {
        "rotate": [
            -1.5707963705062866,
            3.1415927410125732,
            0.0
        ],
        "scale": [
            1.0,
            1.0,
            1.0
        ],
        "translate": [
            20.299999237060547,
            1.2000000476837158,
            29.700000762939453
        ]
    }
}
