{
    "Enemy": {
        "cloneOffset": [
            2.700000047683716,
            0.0,
            1.399999976158142
        ],
        "maxJumpPower": 0.6000000238418579,
        "minJumpPower": 0.5,
        "numberOfClones2Create_": 3,
        "speed": 4.5,
        "stealEnergy_": 0.4000000059604645
    }
}
