{
    "EnemySpawner0": {
        "Translate": [
            0.699999988079071,
            4.800000190734863,
            -0.6000000238418579
        ],
        "moveDirection": [
            3.9000000953674316,
            3.5
        ],
        "spawnCoolTimeMax": 2.0,
        "spawnCoolTimeMin": 1.600000023841858
    }
}
