{
    "Enemy": {
        "cloneOffset": [
            2.700000047683716,
            0.0,
            1.399999976158142
        ],
        "maxJumpPower": 0.6000000238418579,
        "minJumpPower": 0.5,
        "numberOfClones2Create_": 3,
        "scalePerStolenEnergy_": 0.20000000298023224,
        "speed": 2.200000047683716,
        "stealEnergy_": 0.6000000238418579
    }
}
