{
    "Hand": {
        "LeftHand_Translate": [
            46.900001525878906,
            0.800000011920929,
            18.100000381469727
        ],
        "LeftHand_rotate": [
            0.4000000059604645,
            -3.5,
            -0.30000001192092896
        ],
        "LeftHand_scale": [
            3.0,
            3.0,
            3.0
        ],
        "RightHand_Translate": [
            -6.900000095367432,
            0.20000000298023224,
            17.399999618530273
        ],
        "RightHand_rotate": [
            0.0,
            -3.5,
            0.0
        ],
        "RightHand_scale": [
            3.0,
            3.0,
            3.0
        ]
    }
}
