{
    "Player_ChargeState": {
        "maxTime": 0.800000011920929,
        "minTime": 0.30000001192092896,
        "movedPosY": 8.0
    }
}
