{
    "Player_AttackState": {
        "accel": 11.600000381469727,
        "maxSpeed": 25.700000762939453
    }
}
