{
    "Player_NeutralState": {
        "defaultPosY_": 5.900000095367432,
        "speed_": 4.300000190734863,
        "startPos_": [
            0.0,
            2.200000047683716,
            0.0
        ]
    }
}
