{
    "Player_AttackState": {
        "accel": 1.2000000476837158,
        "maxSpeed": 5.900000095367432
    }
}
