{
    "Player_NeutralState": {
        "defaultPosY_": 5.800000190734863,
        "speed_": 2.9000000953674316,
        "startPos_": [
            0.0,
            2.200000047683716,
            0.0
        ]
    }
}
