{
    "Player_NeutralState": {
        "defaultPosY_": 5.800000190734863,
        "speed_": 9.800000190734863,
        "startPos_": [
            20.0,
            5.0,
            20.0
        ]
    }
}
