{
    "Timer": {
        "needle_rotate": [
            0.0,
            0.0,
            0.0
        ],
        "needle_scale": [
            1.0,
            1.0,
            1.0
        ],
        "needle_translate": [
            0.0,
            0.0,
            -0.5
        ],
        "rotate": [
            0.0,
            0.0,
            0.0
        ],
        "scale": [
            2.0,
            2.0,
            2.0
        ],
        "translate": [
            46.099998474121094,
            5.400000095367432,
            18.600000381469727
        ]
    }
}
