{
    "Wave": {
        "initialYVelocity_": 1.0,
        "maxRange_": 4.800000190734863,
        "minRange_": 1.600000023841858
    }
}
